id,id_str,screen_name,location,age,in_out_ratio,favorites_ratio,status_ratio,account_rep,avg_tpd,hashtags_ratio,user_mentions_ratio,mal_url_ratio,cce,bot
4303727112,4303727112,mattlieberisbot,,88621120.44218493,1,0,1.1309267982611957,1,3.5587188612099645,0,0,0,85.96062995974947,1
3063139353,3063139353,sc_papers,,111771716.38134289,1,0,1.297873958605637,1,2.577319587628866,0,0,0,158.23985441103216,1
